{
  "project_info": {
    "project_number": "299960654816",
    "project_id": "ccnu-coursetable",
    "storage_bucket": "ccnu-coursetable.appspot.com"
  },
  "client": [
    {
      "client_info": {
        "mobilesdk_app_id": "1:299960654816:android:b91dd7d78df412cb602985",
        "android_client_info": {
          "package_name": "com.kbkbk.ccnu_coursetable"
        }
      },
      "oauth_client": [],
      "api_key": [
        {
          "current_key": "AIzaSyD90ZYf-aEjQuYtpF-oWcnfJQPn452qGxs"
        }
      ],
      "services": {
        "appinvite_service": {
          "other_platform_oauth_client": []
        }
      }
    }
  ],
  "configuration_version": "1"
}
