{
  "cli": {
    "version": ">= 10.2.1"
  },
  "build": {
    "development": {
      "developmentClient": true,
      "distribution": "internal",
      "channel": "development",
      "android": {
        "buildType": "apk"
      }
    },
    "simulator": {
      "channel": "simulator",
      "ios": {
        "simulator": true
      }
    },
    "test": {
      "channel": "test",
      "env": {
        "GOOGLE_SERVICES_JSON": "${EAS_ENV.GOOGLE_SERVICES_JSON}"
      },
      "android": {
        "buildType": "apk"
      }
    },
    "preview": {
      "distribution": "internal",
      "channel": "preview",
      "android": {
        "buildType": "apk"
      }
    },
    "production": {
      "channel": "production",
      "android": {
        "buildType": "apk"
      }
    }
  },
  "submit": {
    "production": {},
    "test": {
      "ios": {
        "ascAppId": "6689522026"
      }
    },
    "development": {}
  }
}
